Kapitel,Titel,Wörter,Seiten,Kernfokus,Status
Kap 0,Einleitung,13370,45,Motivation + Tesla-Narrativ,✅ Komplett
Kap 1,Intelligenzformel (Master),39371,131,4D-Intelligenz + 5 Komponenten,✅ Komplett + Cross-Refs
Kap 2,Philosophische Grundlagen,17813,59,Dekonstruktivismus mit Empathie,✅ Komplett
Kap 3,Neurobiologische Basis,19042,63,Urinstinkte + Polyvagal + Trauma,✅ Komplett
Kap 4,Persönliche Archäologie,14234,47,ADHD als Systembeweis,✅ Komplett
Kap 5,Meine eigenen Gesetze,10052,34,Persönliche Prinzipien,✅ Komplett
Kap 6,Bildungskrise,18536,62,51% Stress + Schulkalender-Suizide,✅ Komplett
Kap 7,Dezentrale Ökonomie,14585,49,Kooperativen + Mondragon,✅ Komplett
Kap 8,Partizipative Governance,16973,57,Citizens Assemblies weltweit,✅ Komplett
Kap 9,Kultur & Authentizität,8920,30,Organische vs. co-optierte Kultur,✅ Komplett
Feedback,Konsistenz-Analyse,10030,33,Meta-Reflexion Kap 0-2,✅ Komplett
